id	filename	md5	size	state
abb04117-9caf-4882-a8fc-80450bdc9446	3904bb4b-ef66-45fc-8030-c7e3a4daf22b.rna_seq.augmented_star_gene_counts.tsv	c7c38cd589811ba3c9c9ebec67193ebd	4260020	released
447ee125-2322-47df-b160-c3ab45be023e	9981297a-947f-44b0-bbb7-e16b7045c608.rna_seq.augmented_star_gene_counts.tsv	468939afe3c9b9e29c138c0d510232e3	4244681	released
bd41e0c4-f2f5-4702-b05e-f56387a643ea	94e25da6-afbe-45c8-a297-e73f023d242b.rna_seq.augmented_star_gene_counts.tsv	f8895be09037c0497cd298e67c1c77f0	4229117	released
21e42b51-03fd-4ca7-bd14-7fa4a90d15a1	927948e6-ee98-4efc-a1b9-8c066a576bd3.rna_seq.augmented_star_gene_counts.tsv	0ef6cfc251b5f8793b15834a21c5115a	4247264	released
4fc59a1f-fe0f-4450-be83-1affc097d80b	12505e9e-7b8b-4128-aecc-76b9475244bb.rna_seq.augmented_star_gene_counts.tsv	46901e646c8f752531401dfb14994a30	4245728	released
95a72aff-106e-4eb3-a897-1629a4b55c55	9510b5cd-6ad3-4d41-96ae-4209a2b23de8.rna_seq.augmented_star_gene_counts.tsv	5b092b9a09494cdbb2d6269e5c3f198a	4219764	released
8dcab63c-9b76-4041-98d6-7b8a28052e37	2b850705-12b6-4863-93b5-c08d5a20168a.rna_seq.augmented_star_gene_counts.tsv	2a85bfaef7ea00d7ae92e05b09300738	4228051	released
55b83650-9704-4393-88f9-e3ab8bbb56ad	e35f81c3-1ddc-425b-a9b0-7ccc4a54501b.rna_seq.augmented_star_gene_counts.tsv	dccf5f9ff53a3b3ca51ddba48d577096	4257599	released
ad30d409-9b81-469f-8447-99a50dfcd1de	2216e9dc-c605-411c-9faa-dfe327bfd930.rna_seq.augmented_star_gene_counts.tsv	bfc9d1fab1bfad8b587df9f0cb328f85	4257174	released
94dcdebb-1fd9-4791-a951-a7d01b62d996	0e7ed98c-47a6-4c1e-9376-98f594f6dd71.rna_seq.augmented_star_gene_counts.tsv	d7ea3127b8eb96068a13483aba32a0dd	4241687	released
f5930cdc-dff6-4a0c-a9b4-c92159863efb	e25f52c4-7269-481c-8362-ff0d8547ffcb.rna_seq.augmented_star_gene_counts.tsv	dc4305b2169c3b144773d8ca7e5a9002	4239174	released
3c068b3c-6de7-4be1-9fcf-3aaebf260652	0b9f0386-8654-4cfc-85af-da5eb0dbbcd0.rna_seq.augmented_star_gene_counts.tsv	197951a05c63cad3fa0251f6dc7198b8	4242750	released
86ddb3b5-ecc1-41a0-9719-4a6ffef6624d	0879b7ae-a997-4b0e-aacd-a56a02fe41d2.rna_seq.augmented_star_gene_counts.tsv	e2e7a370379b7c95bb6c97ed94412932	4240352	released
380b15d3-3e0a-4e1c-b3cc-dbb5e999cc8a	aece5c5a-2cca-445a-82ed-90a01e343211.rna_seq.augmented_star_gene_counts.tsv	859cf6fd304c316c26f6d2e696b18a5d	4235351	released
27d17d08-c0fe-4f14-bba2-d9db3551c7c9	c3040097-9298-4847-8ba5-03a1c94769d5.rna_seq.augmented_star_gene_counts.tsv	99411ecd799cd87253c2e330cccb9690	4262711	released
bd12658b-f921-4492-bf17-f2d277c51374	ad47466a-021d-4c58-85cb-00545bd9b9c8.rna_seq.augmented_star_gene_counts.tsv	1ea212d927091cd7a094d81934c53a0f	4237952	released
3046b96b-43d4-441d-acdb-f7e951d43674	67902c46-e16a-427f-9d54-65fa6fccef44.rna_seq.augmented_star_gene_counts.tsv	74c453f6b50d6a843f2890e38de2287f	4256234	released
65e9e688-cc41-4500-a55d-33cf5840ccb8	3e1c7650-c9e6-413a-b32c-432346aea5c6.rna_seq.augmented_star_gene_counts.tsv	1ae9e8ca41b36eec37b4accdd96e2270	4249444	released
2ef10886-a213-446e-afef-12e9b5cbc3be	b720819c-f6ff-48ad-8e19-1456669bd326.rna_seq.augmented_star_gene_counts.tsv	4867a5c31b8862bb832eca72c3f0be58	4243625	released
08aeaf89-9824-4064-8689-edc267d6d09b	7e6e77ec-acdb-4498-b556-486ff71efa63.rna_seq.augmented_star_gene_counts.tsv	b5d8fb43368c3e4ed44b8245b0d8cf3d	4245687	released
a8eb15ad-97a1-4a24-9442-cb0f00511da4	178684cd-3853-428f-9dc7-f14c04bec277.rna_seq.augmented_star_gene_counts.tsv	beee95a35994807dd4e5e218f534ed1a	4230485	released
352aae7f-f08f-42e4-b49c-86529fbe622a	9c77256c-e9e7-49fd-992d-bf1df85d2a63.rna_seq.augmented_star_gene_counts.tsv	d2b896415a13767daca9c1fa17dbfe30	4250591	released
5cb083a8-6c2c-447e-8842-57823c5d5529	15b903cc-587c-4e85-96d7-c699e525601d.rna_seq.augmented_star_gene_counts.tsv	bc3330d6596a3aabd3a4a058e107934d	4250285	released
9bf86a4d-8990-408f-b723-a51571f3ec3a	5316c66f-3cc5-4273-bc01-7825ac5bcb87.rna_seq.augmented_star_gene_counts.tsv	a582b72be56f954b13f83a641d089b6a	4226264	released
826760c9-32a8-42a9-9acf-3e9892ff40e8	cde07d1c-3510-4bcf-bd6f-8905077d43f9.rna_seq.augmented_star_gene_counts.tsv	ca28e8f17a198094688f2d72331b5c1d	4234295	released
696de53b-a924-4fd7-b9f2-7dfa2aab0fd9	90e537bb-01c6-4600-91cd-5b55770e5308.rna_seq.augmented_star_gene_counts.tsv	ee67e690c224ad656a3e04bfc070ebc1	4236753	released
51155a1f-fd67-46a1-a51f-e89fe4d874c4	906cf4d0-5a50-429b-b59f-1f5bddb46383.rna_seq.augmented_star_gene_counts.tsv	bc60ee2add53d209096818d6bfa7f5ad	4260259	released
a1c5a889-097e-4a8b-a381-b0ef3c785bc6	4f973a84-c69b-493b-964d-96a985e433af.rna_seq.augmented_star_gene_counts.tsv	a0713b81c962cc8562ee34b392679293	4226075	released
57cbed7b-24d1-4704-b613-7539260edcfe	449f289b-d345-4b65-bfe1-ed0aaae0c083.rna_seq.augmented_star_gene_counts.tsv	b0f1b96667e9e276cb5bd4b67598cf2e	4247194	released
19f4b8b7-e241-45cd-88c3-ab787e901d3f	a905924a-3a0e-4481-98ac-3ca198021472.rna_seq.augmented_star_gene_counts.tsv	7b4a552b086f9cb4a39ef085b19f8938	4245223	released
2e52df6b-2e33-4de4-8ae1-dca835193ce2	561b77d2-5158-44de-9711-8d6364bf67cf.rna_seq.augmented_star_gene_counts.tsv	7aa9d594e7c0d93a4b5dca228ad371da	4257554	released
d7ac10be-13c0-4f14-adc2-f754a924195b	71468bc8-084e-4567-817d-3bbcebe7440e.rna_seq.augmented_star_gene_counts.tsv	2a92b4e47ce6a8c6b3a54721cb38fa29	4250312	released
10e760a6-6410-4f2f-acdd-1cff022dfda9	cbab180a-e19b-44d2-8c37-c221c3fb5775.rna_seq.augmented_star_gene_counts.tsv	2c04791fa6dd67c52d76ce790707218c	4240401	released
bb683708-6048-4c18-afd0-3cb48caaa2cc	0ed0d0c4-7fdd-45b3-808d-0f9626cccde6.rna_seq.augmented_star_gene_counts.tsv	29354c88fc09f09d54cd6e02d5805e06	4248308	released
10957836-8d8c-4cfb-965d-67e27514bf87	e37bcbb5-f659-46ca-94f2-092b8bf41c69.rna_seq.augmented_star_gene_counts.tsv	8cdde4079ebaf5d341bd308eda6bc7a6	4235355	released
818519ed-b190-43b8-a065-600bf80ce572	1cd0c754-f146-4f52-89b4-7e60ebeea281.rna_seq.augmented_star_gene_counts.tsv	2ff308058b030acc67f0a6431d2a7d90	4236475	released
677534b8-e9e9-421c-94d3-f50571c355f4	eed6ab73-90a3-4b63-9d82-8ae99f60c92d.rna_seq.augmented_star_gene_counts.tsv	1cef26759428acc1e82be5c661c92624	4244601	released
f3910669-3741-4120-8245-56d7353550a2	5b92e9a9-44ab-4806-8c91-aff1ca6a5aa1.rna_seq.augmented_star_gene_counts.tsv	ccc134cfcc7d88f0b7cec8b9d58897dc	4240774	released
578187d6-1510-4c26-ac25-b1df3183f502	b1467d5b-e034-4eb3-920f-fc6256ec3ce7.rna_seq.augmented_star_gene_counts.tsv	5f2b12d530f9f642513c4ac1fde4e204	4237334	released
1ee06261-6298-41fa-a253-145d457772e1	809e643c-4d9a-49e9-b158-35104ae7187f.rna_seq.augmented_star_gene_counts.tsv	cd269049b869da37a942a51050084f9d	4238686	released
33567878-1c38-4db6-a079-65e20107d5e1	ba9a239e-08e7-4554-87b0-beddfb00ecd9.rna_seq.augmented_star_gene_counts.tsv	303a21ba375bbba162635c3e97f4757b	4267285	released
5c82c597-eca2-4a4c-890c-c797c458438b	385da11a-37d3-4b76-b6a5-4a623516aac4.rna_seq.augmented_star_gene_counts.tsv	c7a5803f894aba1967e3932a54b488bd	4257792	released
34eb7ee8-dc28-4a26-b69c-9cd856975762	8711d19a-7b6d-42ef-90bd-72cbb254dcaa.rna_seq.augmented_star_gene_counts.tsv	cdd6e6e1f9c6affb72c385dcd3fd84af	4240940	released
84a81bac-6f26-4787-b7a6-8abab21ef7eb	b05e342c-7c99-4ce4-8f5c-19dc88bc516a.rna_seq.augmented_star_gene_counts.tsv	d1513b1910b8cf17fb12901895df0875	4252266	released
5834d2d7-4c93-4760-bf63-65a6dc17410e	069364e3-6833-407a-b86b-46d055afc10a.rna_seq.augmented_star_gene_counts.tsv	4a72f96a8a727fadb30489652cafcf3c	4245193	released
f6c60113-8a55-48fc-85b5-46bf99db08f8	10eecc1d-096b-4664-a001-713f19ce82f1.rna_seq.augmented_star_gene_counts.tsv	6ea9bf5770ff35014f89c8d98d5f694c	4249351	released
f59de1b4-208e-46e3-9361-a8377c9581e5	3fa7a7eb-706a-48f0-a14c-e2328845a82c.rna_seq.augmented_star_gene_counts.tsv	e61a7e89f6f5272abd8a89527860cf66	4247497	released
cf9da75a-2cd7-4ac3-971c-48000803d0e7	d847d087-8da7-438a-9073-fa247cda1981.rna_seq.augmented_star_gene_counts.tsv	58cc0f71da9b490a02246952abf089a0	4233966	released
a0911555-5095-463b-8d22-cb236576e6f6	ddc040fb-0f77-4683-8d72-e38208361e4e.rna_seq.augmented_star_gene_counts.tsv	a7c6ff21bf1c29125dbbea0baaca40bf	4243842	released
bb1978ce-e06c-44f5-9d5e-59d89217a313	fe9e48c0-0a9e-47cb-983a-027e75c9591e.rna_seq.augmented_star_gene_counts.tsv	2698cc4abafe05f47f5040ff80aedce3	4242866	released
dfa0ff6f-bcc8-440f-b9a5-c8e24e0f8f4a	7ca13770-549b-48a0-97aa-7af7cb709997.rna_seq.augmented_star_gene_counts.tsv	ccaddbf0a0301b766f18ee06251396b5	4249020	released
e816de3b-fae9-4081-ba8e-a4b9d0c6e046	ba632c2b-9b5a-434b-967a-863d3516fe24.rna_seq.augmented_star_gene_counts.tsv	8530b38c9fa972a7e2ed4aaa8cbdc65a	4255007	released
1db84a0e-7ed1-423a-918e-23ac556360df	45950878-b6ec-4fcd-b4d4-fb7f6cde5a63.rna_seq.augmented_star_gene_counts.tsv	ba9f2622be5d3c62a6424dc796d5551e	4245953	released
88097c6d-9276-41ab-adfa-eadb2f3b6fbc	7d7a06a1-ecbd-4236-b85e-c59cf6bc2cf5.rna_seq.augmented_star_gene_counts.tsv	9ac86f6014af5260a538b82bdc0a6565	4245331	released
8a3152f5-82ae-45fd-a47c-16faef15c86d	e3c5a10a-81cf-459b-82f5-0448d8f1665d.rna_seq.augmented_star_gene_counts.tsv	4802eeebaf593f619c2b114d4a0e46fe	4247144	released
09470372-94fe-42e0-99ec-b8a0e7f0f859	12526a38-cd23-4a2c-be11-af4fd85d8b63.rna_seq.augmented_star_gene_counts.tsv	d7a4dcd9d866d6639dbe7f99ef2389a8	4229128	released
52fa0762-2a6a-467f-8ab8-aaf136320f0d	8ebceec7-53cb-4ff6-9ecd-bac533d47117.rna_seq.augmented_star_gene_counts.tsv	846c26283100920522d6cc7dc05fa20d	4229641	released
d4071c30-e83b-4457-a689-5d3f540529d4	7e4416dd-d962-4838-8b85-641270b6b10a.rna_seq.augmented_star_gene_counts.tsv	121e9e92940a9c4b879039140932d215	4219563	released
9310161e-9fb6-46fe-acd4-76945012bdfd	3c9a5028-549e-4675-9f3c-4cc9cbe5390c.rna_seq.augmented_star_gene_counts.tsv	95c95611a52176a50a7a140cab1bd70b	4248412	released
5229dbbf-4505-4239-8285-8c6ab0c68e3e	0761bdc2-e1d4-4744-b1d7-c556902457bb.rna_seq.augmented_star_gene_counts.tsv	a898ad1032c960195c2c53c10653a069	4242875	released
7fdc3295-81f3-4cfe-9a71-ec28cf13ee8f	34d1151a-2725-4259-a1d1-2b0027c65b45.rna_seq.augmented_star_gene_counts.tsv	5150eedb976f969682db82ad91c62390	4236364	released
8a3d6d97-cbdf-41ce-acc0-28248199cbab	2d6e0234-f5e1-435d-87c3-cbe59f481994.rna_seq.augmented_star_gene_counts.tsv	23e3252e6b6a9064569eff550e7b3866	4243614	released
416c16ea-e15a-474c-95f8-420a57c0e914	a2dc42c7-07df-48a9-9c59-15ac4bcefc7f.rna_seq.augmented_star_gene_counts.tsv	4b7893c748ed26642b5db62e982ea44e	4236795	released
2354013f-1b41-4e7b-8756-5697fa8757fd	267d31a0-a45b-4404-88c4-fe6a0f11aa3a.rna_seq.augmented_star_gene_counts.tsv	eb79f3f64ab7ed61aec959996d7c0531	4242607	released
3e79cd9e-ecd4-454c-b05e-b35d49cb962c	c495edb5-8924-4cb0-813a-dfa9599da7f1.rna_seq.augmented_star_gene_counts.tsv	31b0e8330f78b1243493dcd73cb6e601	4228481	released
418d89ca-5818-48b5-8aae-9346dd96af2d	1c6e4a49-5f6a-4987-b79e-ebef96ba4cee.rna_seq.augmented_star_gene_counts.tsv	f461fc0c2b67c3d48c647cdd45907a5c	4249594	released
46a9d30b-088c-4c0b-b161-07c4699272a1	2ee0b31d-a045-4746-b815-f6c1acc387b9.rna_seq.augmented_star_gene_counts.tsv	d5b3a81fcdee8ef672d21016a4e0f7ca	4248084	released
a846ce2b-ba77-463a-88d9-75041e8024e0	54498dee-7413-4b90-971a-2abd1d9aa5d2.rna_seq.augmented_star_gene_counts.tsv	d6e6ccded8f668969b681d386fe4e970	4211659	released
75f59037-6d20-47f5-8cc2-3c02b20bafb3	4b4203b9-f7c4-4013-9c0b-f84ad13e5fe2.rna_seq.augmented_star_gene_counts.tsv	d561950e05d3c6b8dd1629d794669170	4256829	released
dee38ede-3869-4ee0-b01a-ea823d8fe3ea	c26ce529-e064-4389-9d64-36d9f6046971.rna_seq.augmented_star_gene_counts.tsv	1bfcbfa4718607599e1a4cf88c6bc9b6	4250758	released
ec6a7813-382a-40f4-add7-b51329b43b45	a20170ce-5dd8-47e4-bdba-741cf08a1144.rna_seq.augmented_star_gene_counts.tsv	242d2c0dc4d1531ae3e428f1ecc1151c	4251918	released
88e4e48c-b3f2-43a1-b25b-c9cc254fd0b6	a3320ee3-e016-49c7-bbba-395240538ff7.rna_seq.augmented_star_gene_counts.tsv	e6bfbab08c67823aea46f3a3a90b5797	4250736	released
94893645-c3b9-4cac-a27e-4c120742e18b	f15f5612-a9b1-47f7-9296-707fb60f395e.rna_seq.augmented_star_gene_counts.tsv	122f053227afcc7ea3b633ea02eff270	4246043	released
0dacffa4-34d3-4e1c-b189-c0dc465d28a8	ef1924c4-8986-4235-b135-d3d0fbdbacf0.rna_seq.augmented_star_gene_counts.tsv	f7b23ae93cd2e7d563f38c77b6c23eff	4243485	released
06d4e72e-c4bb-45be-8a1b-c5c171f0df1d	9fa77b4e-724d-4551-9418-3993bd28565e.rna_seq.augmented_star_gene_counts.tsv	b822afc2a02a6bdb43cdded5ded03658	4249915	released
8f1b4d8a-4845-4774-9fc2-0a459303bef8	2c022016-756e-4cbf-9baa-dab196b6e715.rna_seq.augmented_star_gene_counts.tsv	a438c9490e445860a95f104c03e3a18a	4253761	released
8a9f0404-2863-48b2-ac85-1c282807891c	8626d520-d900-41dd-aa62-ae46c084f4d9.rna_seq.augmented_star_gene_counts.tsv	1b513a1076926d195e1bbe2ede9de56a	4243060	released
a6dfabda-4dec-46bb-80db-22b299e858a2	fa5373b9-6895-41ff-8dc7-83d56253d5d8.rna_seq.augmented_star_gene_counts.tsv	308e427706850791d98fa95b438fe3f6	4239971	released
19687c96-30a3-4f24-ba15-2fbd1093c49f	b6387b44-c674-48e7-a05a-ace52b7b9a55.rna_seq.augmented_star_gene_counts.tsv	bef598f7cb4503c77d40e7f0c7cf42c2	4249431	released
a2dc911b-65d3-471e-807e-83ac0be20042	6eb8366a-7861-4ab9-a5c6-7f576e11a9ca.rna_seq.augmented_star_gene_counts.tsv	f0d90034955cf73079331a3d2701d2fe	4242864	released
7e37fa46-f809-4e8a-8a5e-a8b220d4e5c1	bcfc334c-55ef-424c-aa8a-1be56dde1dc7.rna_seq.augmented_star_gene_counts.tsv	4ad99be5974ec294194112de2a7f4283	4241873	released
d777c666-80ed-4878-9a9f-0f78a1d1caaf	7a3c3464-c1ab-4ff7-b826-c6f38d15b684.rna_seq.augmented_star_gene_counts.tsv	bf0ad474801039c2c3af219df34f7036	4234395	released
325d3955-791a-4254-9fdb-6be83f3eb1af	1aa83ee2-efa2-4e0b-b8ca-a0d6238e44b6.rna_seq.augmented_star_gene_counts.tsv	57f22a90e416fdb8c89308042cd747c4	4249123	released
59f8dfb4-05e2-4737-93fb-d35bb1f81d15	c4805f6c-2047-4d11-be88-c0c4358c2adb.rna_seq.augmented_star_gene_counts.tsv	9dab0a7ee5966264cd6cca2c027d4cca	4242606	released
45aa72b6-399c-4c73-ae83-518148043a4b	d8fdbb83-72e8-45e4-b7aa-be798aa450c7.rna_seq.augmented_star_gene_counts.tsv	95aaf8b9fe71f8ccb7a6b0d53be22d51	4245267	released
0c99fd7e-87f9-4e82-82bb-9b35f3b3f671	7adecba0-ebe5-40c3-89db-39a213167a3a.rna_seq.augmented_star_gene_counts.tsv	3f03a7ee9f3311e71df79b2972d1edb2	4233512	released
e9d0c27d-5e43-483f-99af-379021c280d6	f988be8d-8a9f-44ae-9889-e2d8b7856f2d.rna_seq.augmented_star_gene_counts.tsv	2aefec48c4f9c75e38d5e710430a0324	4252951	released
504e52c8-59b3-4df3-87eb-00c09df3c1d6	14f16400-7390-4e59-8f62-64b567d16e51.rna_seq.augmented_star_gene_counts.tsv	ffdde842614fda1bca7d2c8da9f724ff	4247856	released
a149b835-a3bb-43d8-8b40-3a84bcf46e89	97a3dddc-9e26-4b4e-9eec-e881c3c15c5f.rna_seq.augmented_star_gene_counts.tsv	bd4941efdd4d0669f1a37907542e993e	4237008	released
8566706e-8389-44ea-a630-9286a85bfcbf	ef5f66a4-d6e5-4ac5-a4ec-5cd3f860b7ff.rna_seq.augmented_star_gene_counts.tsv	080647f99fddb4f8490cf46588f01df0	4256634	released
73577d97-5db6-4874-882d-e925809658dd	a911ae7d-a626-44d7-9004-48e9f01894a5.rna_seq.augmented_star_gene_counts.tsv	24e6e1245da7d6aa10b845443757cb0c	4244013	released
6f252e85-60a0-4c6f-9ce8-ba28cfc7c846	bae4d699-6a41-4618-bd14-9652f58511ce.rna_seq.augmented_star_gene_counts.tsv	806da767ae1cffa64e39b0e3dcae6ebb	4257822	released
11ef7a70-afe8-4882-a705-20623aa0b3fb	3ca55cbb-f5ea-48b3-9f4e-86676042660c.rna_seq.augmented_star_gene_counts.tsv	f6dfc0db8218ebe7c05831cb6fb2fad1	4238954	released
3d6e64d2-5a31-4556-b263-dbe8d6d1ebaa	07532a39-80d0-436e-a2aa-fa172c9d21ff.rna_seq.augmented_star_gene_counts.tsv	156c930e5b916b0dfb2581afe23f96ba	4250619	released
530b5cef-85eb-4ee2-b21a-a5014ebc8c64	08159a41-8f71-42a3-94a7-c4f9579e5b34.rna_seq.augmented_star_gene_counts.tsv	1466d91388bb348be5d3b801288d9e5c	4242917	released
20fe34de-d7c4-4af6-8dae-b3998204e108	9f3fbf9b-8a8f-435e-9d9b-902738d9e308.rna_seq.augmented_star_gene_counts.tsv	7a088a7b88cb41cfdb4515edd0a6695b	4216482	released
76d4a24e-56c2-4ac0-97d6-1a7ddc8f286f	7d163b13-0e81-4f37-b276-32b889834157.rna_seq.augmented_star_gene_counts.tsv	497f3eb4f7ea21cd12514b1caa04bb30	4239596	released
7cd5bc12-af72-4867-bbdc-5596ee265576	87b68e89-fab0-431d-a99b-04468de6a4a8.rna_seq.augmented_star_gene_counts.tsv	92eeb8e6d9d61f56aef2d712e464a667	4243110	released
0379c8cf-e9ab-44a7-a737-7a78ccd4fc55	d366a38e-1af8-4840-93a9-7848b461449d.rna_seq.augmented_star_gene_counts.tsv	f6337a79d215ca5c5c1328f45f6d78f4	4244607	released
ef9fb7bf-d47a-489a-ae30-eb58640c2f9f	706165b8-69be-4666-940f-52c044f163e5.rna_seq.augmented_star_gene_counts.tsv	a199dfa3de6708be739fe1261b5e8b52	4248300	released
70fb2f55-a31a-4074-b1fe-bf38968e8654	fd634fc1-ecd0-4e31-8410-64f0a26fb050.rna_seq.augmented_star_gene_counts.tsv	2916665be196e2cc02c6e46b66e7679d	4237615	released
991cfe91-4257-4825-889a-d434b29a3002	ef512413-a2b3-400f-813b-ed90dd063ceb.rna_seq.augmented_star_gene_counts.tsv	599bc364389fc264cf724e2d5a64081b	4239832	released
17606720-0f73-4145-894c-dda680498dea	a3470c00-a3fb-4538-9cfb-91c719f16e6f.rna_seq.augmented_star_gene_counts.tsv	9c79e2462452e7c9414c8cf94092e09b	4244625	released
212e7777-5a67-4bf0-880a-cd5cd5374d4b	385803b3-0319-4122-8142-787a5e074007.rna_seq.augmented_star_gene_counts.tsv	c850b807d9fa912c08d2ab302b7001a0	4245581	released
ae0dd2a4-d531-4fee-b5ff-567b9e70e8ec	4c6678c0-7bf8-418d-a1ee-83b6b73d0217.rna_seq.augmented_star_gene_counts.tsv	c5c2cf9ccfd5319b6ee8031797b8104b	4243128	released
5fb96f5d-1bb4-4439-836e-842fb2560e49	7c13f1bd-dace-4c1c-95ae-348c74f2768a.rna_seq.augmented_star_gene_counts.tsv	199d12fbdff433f123be210eef772651	4227661	released
cc044407-96e8-4f0d-95e1-b651458893cf	328247b9-0404-48e2-8ee7-2c3afc12af6b.rna_seq.augmented_star_gene_counts.tsv	74686d32c5b111f32a764257631af54f	4211835	released
619c0800-333f-4a9d-a56b-356ec11df44c	925c3c30-6794-450d-87bc-704ff9cde1a3.rna_seq.augmented_star_gene_counts.tsv	20f65dbfce9bf03267d492c6b700bcb3	4253644	released
4a794784-0d1a-4496-882c-292561e9a3a4	3f5c4f2e-70cc-4058-af97-b401273968b1.rna_seq.augmented_star_gene_counts.tsv	7937bf92caffd82496a34710f25e170c	4244536	released
cff79e8d-074b-45a0-ba1d-503e1edc96ce	1c1bb4b6-2831-4ceb-9218-988f95de0059.rna_seq.augmented_star_gene_counts.tsv	0546985ded45356a62651d14d21a75ca	4236006	released
7357cc83-fffc-48fb-a7b6-1d1088854061	b42fe747-93c0-4232-b759-01fb998838ea.rna_seq.augmented_star_gene_counts.tsv	20bdf3cb3e28f4c58b9b09b76cf82d94	4235712	released
522d29e0-d11e-446c-a286-6d1876b0c5e6	049c8eeb-7701-4c2c-a510-2060b67eef2e.rna_seq.augmented_star_gene_counts.tsv	852ed30736662eb4ecbbd1d11ecd05b5	4230830	released
f4f06841-c4df-456b-9b60-c1c40b5aa8e0	d5365384-47d2-4ee2-87cb-1ba9dde8e92c.rna_seq.augmented_star_gene_counts.tsv	b0e591a8df882b3a042d2a04f10816c8	4245921	released
9e806a5f-5410-4b6f-80b8-aa34ae25811d	3e1a5f37-e0ce-4a77-8114-493468819496.rna_seq.augmented_star_gene_counts.tsv	ec8c6899a88d3f887e30e19ba14cb767	4242456	released
8207dbc1-61c6-4f2d-b92c-a43d495091a6	3cfa67c8-c49a-48ac-aa3b-b8dcd3011e48.rna_seq.augmented_star_gene_counts.tsv	4a1c8fc154c1649d0bff83ce3dd96aef	4249384	released
798e8937-3d4a-4dea-95c2-3456c087578d	f43b0acc-e89b-4421-ad36-067f80445f4f.rna_seq.augmented_star_gene_counts.tsv	81a5ada009967e49b843ffc2fb9d3436	4219572	released
107b0ba8-f479-42dc-a916-385b845a162c	4236c2a3-cd2d-4495-941c-a79315a7522b.rna_seq.augmented_star_gene_counts.tsv	4a5218516e2927dbca8aeddbaf9f7cab	4253998	released
da172bd1-7124-4331-b8c6-b9cf9fcfb694	d618e3ec-e9d8-4dbc-ab5e-7071eaab9e9a.rna_seq.augmented_star_gene_counts.tsv	6ea07143e3d99b6dd8425806063f91ee	4245433	released
656d9a0e-8b02-41ef-abdb-ed3e59872154	99a17ccf-208a-4233-8738-5fecf2914855.rna_seq.augmented_star_gene_counts.tsv	1b74749bc67f46e7205f1d3f052c3176	4253434	released
2f6ca933-3daf-41dc-9403-880fa45ef36c	60028d9d-c8e5-4c4e-a75c-cc3df6f2eea1.rna_seq.augmented_star_gene_counts.tsv	1aebed103d330727337c1706fea80ca5	4245140	released
34d3e37e-42d8-463d-a00e-cc587890ae50	33321f4f-d814-4792-9613-b3e878f6da48.rna_seq.augmented_star_gene_counts.tsv	505a47e2081280b156023a32a0b42798	4252344	released
9de7e6cd-f51b-421b-a794-a409aa131cdd	c9c2e495-befd-4bdf-a93c-71d130dcb566.rna_seq.augmented_star_gene_counts.tsv	c3acc4b3b9547d59f78dc1e6d00c265b	4246063	released
ce7345b1-bbb9-4137-bfca-a05e2b71f9b8	44352853-702a-4693-85e9-0160c40089aa.rna_seq.augmented_star_gene_counts.tsv	08df8f3c7ecc4b8385564e7fe7da1b63	4247559	released
714864bb-2d5b-46f5-ac93-abb2f0a917a6	d1880019-5bce-47c7-8f0a-954f5fa9ccc9.rna_seq.augmented_star_gene_counts.tsv	f0378a47b02170833c013e25bc4c5f69	4250564	released
2b5963dc-6bbd-4541-a6ed-19fcc046fc10	e0a5bbff-b48d-4975-8550-1efa50c29dd0.rna_seq.augmented_star_gene_counts.tsv	20fba5b3a76441ff744ea6ce3a13512e	4246906	released
653d54b0-3a4b-4d64-acb0-219b18b44b7d	d18c7f8e-069f-4c6f-95b8-0a8ec9d00337.rna_seq.augmented_star_gene_counts.tsv	253efb0b07e84acba4d38f69ed346d90	4265927	released
6b45fbc6-3691-469a-b245-538e964bece3	30cf3bda-a1b6-45c3-988e-eb936428ec37.rna_seq.augmented_star_gene_counts.tsv	3b1f161f0ddc240642f8719675ecde6c	4230986	released
6626903a-d832-472d-a5ed-a76fb4f1c6b8	24adda2b-ee91-4d2e-83fc-154ad17903f8.rna_seq.augmented_star_gene_counts.tsv	fe9f4acd75136fbafdc92b0d3881960f	4237531	released
207a5cf3-061a-4766-b857-99b807de2649	7f718fea-427e-49d8-bf98-6b18439e093e.rna_seq.augmented_star_gene_counts.tsv	3d028579b8fa9eef4469255846a91a6c	4227286	released
2692911e-0ca2-4756-8613-d7c943bc3ae1	879f8ca7-b94f-496d-94d3-a93571c1a6e7.rna_seq.augmented_star_gene_counts.tsv	43d50033ecbba2ebea86e53954bd03bb	4238020	released
68caa1a5-bea8-4191-b96b-92d6adab99eb	67415aab-0b1b-4b52-bdc7-c1240de53a40.rna_seq.augmented_star_gene_counts.tsv	a6a1fd2334af74912b8fcfefe836d050	4254075	released
d1bcb0c7-f603-4597-ae5a-83bf294d715d	10b332c1-5e60-4a3a-8f82-402892ea832d.rna_seq.augmented_star_gene_counts.tsv	bf0228aac38b24a064bf11e02473f178	4240081	released
50354900-3c3a-4e11-9bd9-e44fbaea7a9e	5007de0a-0d57-4bbd-96fc-a17d74f17c7c.rna_seq.augmented_star_gene_counts.tsv	f1717c6bce37edc0976773d59b84bbb9	4248588	released
d2991379-a850-411b-98b7-7917283071c7	ac75a6fb-4caf-4edd-a119-85e7eaa99a64.rna_seq.augmented_star_gene_counts.tsv	d3cd8e372757ffbaf634fe3bcb463745	4244536	released
f98b15ec-bf28-4461-9fee-aaed0f6213e8	b2dc28e3-9f5b-45f3-8477-ad360e8c229b.rna_seq.augmented_star_gene_counts.tsv	1e8f062e0313c776452bd93af96446f4	4225382	released
79958b9d-8660-45b6-a9e9-3b7d7c3bc8bc	ca8de3ae-b88e-455b-88a7-8965e9bb1db7.rna_seq.augmented_star_gene_counts.tsv	e4aacebdb6c92db36da47f61e88f8dce	4236577	released
a3f39b2d-3f1e-48cf-91ed-78848217e7f2	3d788114-35e1-4ba5-a16c-39a3056b78fa.rna_seq.augmented_star_gene_counts.tsv	0036e8075b1aea0fcb7c2607c59abb3c	4240237	released
553daef5-9cde-42f2-a921-f7f90d087886	ff2ba139-f4fb-43a7-8f9d-4a33c94e0381.rna_seq.augmented_star_gene_counts.tsv	73e061feb1aec6c0876633a0679e0c4e	4224425	released
70f347e4-6cc4-405d-95ce-d6a38f57507e	005d2b9e-722c-40bd-aa5c-bd4e8842cb04.rna_seq.augmented_star_gene_counts.tsv	8d1453d18f705029403adcaa83c4e815	4245760	released
c71c2f56-7a3c-40dd-8b7e-162a3b975cc9	0163f5ea-d08b-46db-a02e-ff5977658f6b.rna_seq.augmented_star_gene_counts.tsv	72006a5e6af1bc6d49b3ed1c1c8ada35	4218743	released
8e66275b-3b15-4701-8cc7-a137806b87ae	3b54fd87-6631-4ae9-b303-bc14ffa51685.rna_seq.augmented_star_gene_counts.tsv	3f1dfc810d1a4f0e6ee237d320b2969b	4241350	released
a47f3dac-45bb-4f7d-ad28-a7ead099891e	7e380de8-cb1a-4490-8f30-7a235887cb75.rna_seq.augmented_star_gene_counts.tsv	362ddb53963974b8fcba25c0470a8750	4238797	released
2e7811cc-8e4d-4aa3-b8f8-9eb3e7215d94	e2bdfe73-54cb-448c-8212-8918bba38e31.rna_seq.augmented_star_gene_counts.tsv	8c940f8beeb751f438cba37a35b265bc	4246148	released
11305b7a-7160-42f7-a577-88b546f7c5cb	f2ce151d-7e6e-41b1-b67d-2f7505082621.rna_seq.augmented_star_gene_counts.tsv	4f1741d31199ef39b59558c695a9378f	4248712	released
c1139272-e27b-4308-b3f5-09e7a5fd3589	246f3ad7-cc2b-4f27-bb9b-f30dd8a5fc96.rna_seq.augmented_star_gene_counts.tsv	1bc7771e6892c9c8346727e87e604456	4245931	released
5c869053-ffba-482b-a34e-123157b7bbe6	77da9e82-dfdb-4ed2-99d2-cf93ada9148d.rna_seq.augmented_star_gene_counts.tsv	4661193e0ec956a6bc2e0126c7ce3e75	4250551	released
5005b7e7-0e85-472d-ab7b-2bc2690b340b	235ec92b-93de-4187-9430-7439bc1f1b1a.rna_seq.augmented_star_gene_counts.tsv	8f95eb0f6d32a8994ab88f21b04d794f	4244209	released
b4d363ad-4baa-467b-a263-95607909bc8d	b24a1a07-9867-48b2-bdf0-d0a41171f867.rna_seq.augmented_star_gene_counts.tsv	94ec5a374905d645ff590c0c8152bd92	4243554	released
cc5ef513-f9f2-4fa1-b858-a5b5c0e1ee49	bfc7b05d-55da-4c1e-99d5-605c8359cb5c.rna_seq.augmented_star_gene_counts.tsv	cb20f82ba2d558d6bbb0f888551d842d	4227109	released
353dcb70-994f-419a-aa60-b9934fa19955	fbfe6ce2-18ca-46fc-b271-32c6b10b1981.rna_seq.augmented_star_gene_counts.tsv	9646e98fe4e9c75a229b1936a8ce0fde	4236111	released
3e8cf86e-ea84-42e0-b078-deae176cda1e	b23cdc2e-089e-439b-afd5-4e18fab4953d.rna_seq.augmented_star_gene_counts.tsv	81717ee687d697979ea3fd763e25774e	4237224	released
45dfb0ee-7d53-4bd8-b1d0-4a0a3275e4b5	64dc3324-0550-432b-8237-cee3ca6aa392.rna_seq.augmented_star_gene_counts.tsv	47a5d3c279705b52e74298050dbdc65d	4231160	released
94f0d79c-bcf2-4b29-8bdb-5ce388f9eb39	05fe0842-a882-44b7-85ef-e3f8b6ec75b7.rna_seq.augmented_star_gene_counts.tsv	ee4e4680fe7a060253cbeca817914dac	4246080	released
cc7216dc-6b4a-4e8e-a69e-fa32c570c3a3	b0f2bbbe-cd97-4d6b-ba03-b7a90e189ffb.rna_seq.augmented_star_gene_counts.tsv	83f54cfe127a4da379a984b197796894	4237052	released
61831e68-f9a1-461a-ba2c-0516dcf6c257	c4e1b313-1f10-445d-ac48-38b291fb103c.rna_seq.augmented_star_gene_counts.tsv	dad1950c16cc8b8ef737cc89f810966d	4239136	released
457ea661-5291-418b-abfb-c08ddefeeaff	fa1f9327-df9a-499f-bc56-c49088417617.rna_seq.augmented_star_gene_counts.tsv	d3f67926f18827cdb1b379fc2c2cc386	4241664	released
20ab8ad5-3846-43f0-b04e-62d6960efec3	54bc3281-1146-4c6c-b08b-44b025799592.rna_seq.augmented_star_gene_counts.tsv	57a31b2dba6d84858da6c9cea1f2ea9a	4237465	released
533be652-57e3-4974-9f77-2a9b20d0cc31	06b62257-7bdf-4218-8d43-49d80f591364.rna_seq.augmented_star_gene_counts.tsv	94bba393658c68697ce7d4ceec1f9cae	4256185	released
25263824-33e5-45c3-82a6-8982aea21a55	94ec88ff-4332-47ec-b2bf-3b8a269860d0.rna_seq.augmented_star_gene_counts.tsv	6dcf6304bacf34f71dfceb651b8eb9ea	4265758	released
d80a44a8-6d81-4be0-98a0-48ccec90d4fd	2f785783-9303-4b18-9e87-0c33e65a5de9.rna_seq.augmented_star_gene_counts.tsv	70d671ffa005eb98f3063905c7106019	4255484	released
e8c5e725-654f-43a0-b6b0-4f4c8d13f8c4	addee8f0-f553-4d78-abb1-d3f50d52386a.rna_seq.augmented_star_gene_counts.tsv	ed105b47d88dcc27f73aa9d3d1237a41	4223889	released
86c770c7-028d-40fd-85f9-5b7b7821f384	6dffd8c9-848b-46ff-b72a-e30658982fdc.rna_seq.augmented_star_gene_counts.tsv	567326ce62a3f20b6c80572f5bf071b6	4257216	released
3a394f4d-faf2-47de-b960-b964ea23b45a	67b5aad0-8e60-4802-8791-5c14b7a1305a.rna_seq.augmented_star_gene_counts.tsv	af977b9107436f202ad8064d387f4d11	4227604	released
5d51148f-d418-43c0-ab88-61839a6f4f55	69696d6d-70fa-430d-982b-8be9fc0f720b.rna_seq.augmented_star_gene_counts.tsv	18672441085a3480369ab9a4569bc363	4239746	released
5f225645-97c6-440c-9527-6e2214b3b97f	ec1f502a-2879-4f36-aa4b-0535efa7d4ac.rna_seq.augmented_star_gene_counts.tsv	a70426bda7f4b4e8a8013908e43ecad7	4256415	released
2ba243f8-3c22-4f42-9dff-4f4f568453bb	cf7f2ba0-bd76-4ccc-9e2c-e944adad3ca6.rna_seq.augmented_star_gene_counts.tsv	26746cf87eb9e1e952df1c7f526b60e0	4245739	released
9ffd93f3-b429-4876-a145-964cb53b0ae0	6a48a923-7683-4f65-b3e6-d2b06b501bd6.rna_seq.augmented_star_gene_counts.tsv	5e2094b49b92f019ffbbff43fd03896c	4244273	released
da6e7b4e-fa86-46d8-bb10-08b88a4fe87d	bc373858-528c-48d5-b548-70f9a49a79b0.rna_seq.augmented_star_gene_counts.tsv	7b4aed1f8e0aa073b0020d0f32441cf6	4242617	released
82e9eeed-d077-4f04-b03e-cdf4d8ca219d	e32fc401-5ddd-4dfc-8be4-8d4072a080c3.rna_seq.augmented_star_gene_counts.tsv	5df5b762909281b74517529c97bd4bf9	4241094	released
1f4a9a3f-ceff-4065-93c6-7f59f24c8ddf	aac3107c-0c3c-4912-92bc-dfe53fbbac9e.rna_seq.augmented_star_gene_counts.tsv	4c011d356a22f77a023479e925c171b0	4252853	released
ae82bf57-6144-46ed-9056-d4775209ca4e	769531ed-35ed-4357-a436-5db0d94f42d8.rna_seq.augmented_star_gene_counts.tsv	93f307c3c37a9ef661b696252f365e03	4238339	released
330bed7a-0844-434e-8139-d559ace4d9e6	4e98ce33-c0ae-473b-8bf2-8407d00098e5.rna_seq.augmented_star_gene_counts.tsv	f6ef30e77a173251a11520a8e4d94c69	4242154	released
b9613f09-0db2-4409-bb9d-9f484d7267a2	54d010fb-a242-4e4c-bee0-ee67697da801.rna_seq.augmented_star_gene_counts.tsv	84e8304127f0a8d300c18f882e34c83b	4246557	released
95f0ecc5-a02f-4426-8a55-4def0758e267	c6b20bb4-cb04-4a59-8b66-211b787f8950.rna_seq.augmented_star_gene_counts.tsv	d3247aea98bc5d498061f4ba3e57055f	4251806	released
3afad7ec-1243-43ef-925e-165302b4693e	caf6340c-8a9e-4814-b78e-c0b539e6b43e.rna_seq.augmented_star_gene_counts.tsv	f9c64201aa8466ebd002eb5e86be58f3	4257123	released
81dbe674-52b1-4c88-ac98-f235ea631797	cd27b963-ad0f-4932-b41b-599dfd4b4194.rna_seq.augmented_star_gene_counts.tsv	f9fdccbca3b8db81f95fef70681e763c	4249112	released
58941211-74cc-4067-9a6e-ae55a0c83619	57ac89a6-7584-42cb-8b92-f23cc2e0d81d.rna_seq.augmented_star_gene_counts.tsv	0b3dc4e1b2f3da2bcfffe1003f9eeadf	4233063	released
0afc563f-75a9-4e20-9094-9bbc83bfb7f6	847afc38-d95f-4405-8d53-ce73a915ce5b.rna_seq.augmented_star_gene_counts.tsv	1fccd940c24da72a4979e1ca10eb7ff0	4264250	released
2d324505-0410-48e5-b8f1-6e831c7cd5f7	21faac4f-9178-48a3-a2c5-a6d3efb30c8b.rna_seq.augmented_star_gene_counts.tsv	d30b2a9990c893b364bbb3728cca67cb	4221411	released
72bc90dc-785e-40a0-9c4f-4c6b4d3dd6fa	bcd6088c-93ef-4dd0-8da4-b58a2daa27c3.rna_seq.augmented_star_gene_counts.tsv	e3cbf858f9d0cb1c206ea0e58c494763	4249176	released
db608b14-9785-4df1-b604-0ad7fd20d0eb	18b99e5c-9d14-4e3f-b8eb-23cb929bcfb5.rna_seq.augmented_star_gene_counts.tsv	23479faf45862fa66b2f7de274139bd2	4238292	released
6ce3d55b-6d88-4b26-a089-5aef7055b280	96fa87b9-2397-4d7c-8b66-2d600bfe69c3.rna_seq.augmented_star_gene_counts.tsv	2ce8838631dafbd6caa1bef3aa92afd0	4241570	released
8e36309d-1d81-4ed4-8052-afcace5765df	f31f8590-4509-4c7d-81d6-0e899381c427.rna_seq.augmented_star_gene_counts.tsv	9743409b27eef0b25c3b124b8216f8d5	4230082	released
db540696-d1c7-4853-817b-8f7b0714aa5e	ae453e2d-6a82-49b7-87ef-5835389c70ff.rna_seq.augmented_star_gene_counts.tsv	10b7ab8b3c82090faf79c0bd19143d9b	4243090	released
aa444e19-18fb-40d7-b285-fedf296cfb44	23e41cd5-4268-4cae-8419-39c6f554587c.rna_seq.augmented_star_gene_counts.tsv	ce901d28d4c54e89a52693e011ab28c4	4241610	released
e379202e-e176-4fc9-a0f5-d5be78a2f39e	0b84a9f6-7136-492f-9e9a-367353bb760a.rna_seq.augmented_star_gene_counts.tsv	a16ec69b9d1774ce93f20393ad962919	4227976	released
5836537e-faf8-42c6-88bf-92755b420c57	e025404f-fd84-467b-ba3f-244a4074e3fd.rna_seq.augmented_star_gene_counts.tsv	ee1d63d99ba91b176ddb018b34b92eb3	4244083	released
5780a290-047c-4511-985e-5caa99b27086	47da45d0-aaaf-469f-bfba-a76d18a572b2.rna_seq.augmented_star_gene_counts.tsv	9de74958c4d6ea37f4e9d7809d2de5c5	4238829	released
5bf0e22b-aee2-43ef-8dad-08480a53acb4	367a6ca6-7c37-4032-b04c-e68f5b3a9ba4.rna_seq.augmented_star_gene_counts.tsv	62db7b97acf8365bde661dbc5bcb834d	4231948	released
5b86bbf6-cead-4885-bd1d-cb008f9ca436	052ed70e-6cde-4206-8c50-d338e68a5b23.rna_seq.augmented_star_gene_counts.tsv	8ad48ea92f828b109b477f930266b75b	4237473	released
d3c51d7c-6908-4971-a3fc-ea443c8542c6	13be5783-2087-4bf6-83dc-a8516d931616.rna_seq.augmented_star_gene_counts.tsv	8380d28e592f599004574fa9871738cc	4240505	released
5d3ffedb-2371-4bfb-acae-ac7acb78355a	e9c43b8b-9f40-49b6-89f6-a7884e386423.rna_seq.augmented_star_gene_counts.tsv	fbb57876137bdbc7fb6df5dece3542e9	4261980	released
0de94f0b-d06b-460c-aed0-c18380d4fc94	89a0abf7-c745-48a1-ab36-d70ffcaca99e.rna_seq.augmented_star_gene_counts.tsv	ab5eb387ac243c76c1e8862ab2fc0b59	4220063	released
fb994047-cd50-4a23-bdd1-7a20a8ed8afe	857d7f2e-14b5-4a4d-b1b6-e6cb12ed857f.rna_seq.augmented_star_gene_counts.tsv	917e8227087e9a54377ef20dce579c36	4244813	released
7ff08c03-ccba-41f7-b086-78f86c27c576	a704f7c5-6378-43ec-9294-8c9ce2308c5c.rna_seq.augmented_star_gene_counts.tsv	fd640ca2cc6d5aa0b83b4f84f27847ab	4242239	released
dba10e27-3793-4de2-800c-008ad0a567bf	6ae6442d-6817-45c1-9ab0-f2195449bd48.rna_seq.augmented_star_gene_counts.tsv	c6639a436cb37fbbda8e0dfaf3057f5b	4216539	released
57ef12cf-3c0e-49ce-9075-9ae9d74ba64f	43adcecf-c596-4e69-9c83-16d5b28f276f.rna_seq.augmented_star_gene_counts.tsv	d1ba504dd8352c3f58ab987053573823	4222831	released
ac56741a-daa1-409e-836d-631b99fe2d69	f81292b4-23cb-4ea1-a83b-27e84a2cafd5.rna_seq.augmented_star_gene_counts.tsv	97d46b3705234c7daf7a691f28c1cd3f	4240178	released
cecba697-85d4-4cb5-9a32-7bf3e67d8cb0	7f8dc767-80f0-490b-bdbf-6acd1f909b1f.rna_seq.augmented_star_gene_counts.tsv	81a12de02e27d981e6a863295e16acb0	4245149	released
00d6b6a9-179f-4b2a-826f-f8326197b17d	9c56eacc-c71b-48b5-8747-008fd1105f89.rna_seq.augmented_star_gene_counts.tsv	c48c9f2fee27454c421bf0e80da9cc1a	4235002	released
3599d990-807a-446a-a52b-239eb8a27b59	4b66b775-0381-427c-bb5d-daa1eaa01f01.rna_seq.augmented_star_gene_counts.tsv	27e348d36dffa9ec029b248a8a685d33	4250846	released
bf7041bb-931d-4b8e-9253-721ca09050db	6c9c0278-d063-47fd-885e-fa19346b2ec0.rna_seq.augmented_star_gene_counts.tsv	ca4500c146d5cc9b8bab2e4c9a1fe9f7	4227556	released
2aac852a-1b8a-4d86-aa76-5032fa36d5ba	dd93ce26-ccd5-4cfb-a9b3-a469dc53ed9e.rna_seq.augmented_star_gene_counts.tsv	cef1a98e16bf8c82c2702b9b7c0ba086	4249454	released
5ee99daf-4603-4eee-9311-71bf350b86ab	c5e68a3a-8343-4021-9efb-16d960f33bca.rna_seq.augmented_star_gene_counts.tsv	2f72fa7a521e8271ea3934b2788356ad	4255896	released
33b09c46-e744-41d1-bcd9-a652f466ffe9	2ab5ec76-c5d6-46c0-903c-776848afd2cb.rna_seq.augmented_star_gene_counts.tsv	3bf6deb6a5b3abb71d042955b521b00b	4241981	released
d6963724-bd05-4898-a925-9e047309e226	a8d710c8-d021-4258-a6cc-9948ceaa2486.rna_seq.augmented_star_gene_counts.tsv	2376d1ad63de0f6fa4918bd0c6b49ce9	4240492	released
83bc9228-d1e5-4985-b37c-3d97232f2669	ef70adbb-5a94-4c64-92cf-0d368766f8d0.rna_seq.augmented_star_gene_counts.tsv	57333df6eed07ea6febccb1186c6f389	4231199	released
5190374f-ea8a-43a3-b443-79fac4506a48	79ce3814-2843-44c3-9abb-ec353ecc4f01.rna_seq.augmented_star_gene_counts.tsv	23f4e361a6c4c61f7837a0d8de3c221c	4251467	released
c9c57b6a-1a65-4384-8f78-23726803fd14	4aeac737-0156-44fe-a034-664c3d1dfed4.rna_seq.augmented_star_gene_counts.tsv	b4cfab25613355aeb10c149f2dc3a08a	4233178	released
10ac475b-ebab-4164-abd5-0c53bdf5c558	422d5778-bfe0-4e2f-b254-2a753c777686.rna_seq.augmented_star_gene_counts.tsv	f1281384f4bdcf00e1ded32755e9983f	4225404	released
e66b5762-22d5-401d-9cdd-e44a024894b0	a676be28-cf07-4811-9ed9-b8fb746d0573.rna_seq.augmented_star_gene_counts.tsv	445700e9aec8a594089f54f2e55b4fd1	4245454	released
18df3508-adb6-4fb8-9610-6d69ea1c71cf	5f6dbd47-2f8a-4bfb-adb7-20649903c275.rna_seq.augmented_star_gene_counts.tsv	e44f64fd7e14181c403955438f634e19	4227366	released
0427d696-a33d-4005-ac1d-c5363754226e	b1becd71-bbed-4a0f-af9c-94b9b2af928b.rna_seq.augmented_star_gene_counts.tsv	c546a2b8c19a66f0be4fa2eb8cae7a10	4236831	released
c93d2241-ec80-424a-871a-0e2a8b6f4043	77d92416-bd2e-4224-bcb7-40ac1258218e.rna_seq.augmented_star_gene_counts.tsv	0c5840a2dee84c94f5a9a43169546b50	4242289	released
c92ecdd4-cf61-4f1a-b516-23babeab074f	5deb8f45-ac53-4638-8407-b5324f06c03f.rna_seq.augmented_star_gene_counts.tsv	d6449bcd9b47825c52298a4232759afd	4238135	released
6c9d02b7-69b5-485b-a37e-2f5cb6baa354	de57cc79-041e-44f4-b96d-75531db5bb65.rna_seq.augmented_star_gene_counts.tsv	d75ca3027f75e1e8a40f3be6465834a5	4249220	released
fded7159-92d4-4aaf-b06b-1169cabdc1fa	9493a088-7cc8-4d7f-ad8b-946b9b9c4a2b.rna_seq.augmented_star_gene_counts.tsv	e699c53725766828a36ed491688b1975	4245083	released
019f09cc-0a29-434b-a43a-1f458548cc82	6a0185c8-be4c-4273-ac77-4647e46a0e08.rna_seq.augmented_star_gene_counts.tsv	5d1d01d4bca33a8edd96322a6b3785c1	4239451	released
9b20a127-f218-4152-8ba9-bec6fd3f40d6	4e210408-b5e7-4f57-a790-13cb4ef12a56.rna_seq.augmented_star_gene_counts.tsv	a1764fc44799ace3de4da5f3829e90a2	4241918	released
f33f57c5-fbb8-4d9c-8ae4-9800ef8b35f8	027797bd-4b87-414c-953e-7f3a23dbe16e.rna_seq.augmented_star_gene_counts.tsv	93f548545b43946c51c5e683067dc164	4261687	released
c43feeba-ba0e-4b05-9da0-dc38fb1cc85f	6664e792-b8d8-43d1-ba34-be969e4fd0d4.rna_seq.augmented_star_gene_counts.tsv	f88e6960ed7d2abba084eb9efb8105c8	4244388	released
40368d75-247c-46fb-bdaf-c71964fd762c	c25bf73b-e757-4034-88b0-cc1f6d34ff1f.rna_seq.augmented_star_gene_counts.tsv	1c3474ee75b980dea7985e1dd0b4274a	4238699	released
a01b7ba6-acd9-40cb-8359-c6565714cdab	d1338761-2196-4fd3-8b50-f2efb8a3f850.rna_seq.augmented_star_gene_counts.tsv	a54906fba66c76b8afd1d67fac0bac01	4238602	released
a82b0819-225b-4aa8-bb97-3cbd4873bc54	9975ae8f-09f2-4343-9281-cbe13c775dca.rna_seq.augmented_star_gene_counts.tsv	e853ba4c80211d0989dc3e260b7a2337	4229043	released
a9999aad-a878-418d-8564-f8ea1a98ecb2	3a99e7d7-12d0-4b11-bf01-cc48f0897a99.rna_seq.augmented_star_gene_counts.tsv	d8a1224902f79bc0a59d2943bbbb44cd	4238744	released
c4bb0bc9-23df-41f3-8ca9-4a7a028a6027	4ef20aa9-ee28-4242-8590-14fb67e857d6.rna_seq.augmented_star_gene_counts.tsv	21c43c41253ca4b3fd5868624413fcd2	4243591	released
2ba0d185-9c0f-4f77-b967-887994c35537	b2a45363-60f5-468c-b29d-687c2e0bf83b.rna_seq.augmented_star_gene_counts.tsv	da98d1a226f566cd18b124a62451c7d6	4253210	released
51dc1c02-21ae-47aa-aed7-ccf695eb3015	7d2a148b-6dbe-4ba4-889b-907a8ddcefae.rna_seq.augmented_star_gene_counts.tsv	7c0d0aeef394c15b0947efb6f640d13f	4260624	released
55c2daae-2f8d-4805-ab70-1eebe7c4ce7f	588e9230-8412-4648-9f87-a6d7676df3b6.rna_seq.augmented_star_gene_counts.tsv	c3a13c657b101e9b94439684b0999caf	4249521	released
24da5615-dd26-4171-97c3-4216251af862	659ebc1e-2b97-4800-8166-749e93085d2d.rna_seq.augmented_star_gene_counts.tsv	c8b4b3877bf28ba82a951fba337c02aa	4231540	released
44c71a14-39ef-4616-84ca-ea5494f270aa	505af425-08b6-4c45-bf13-97de304e2b2f.rna_seq.augmented_star_gene_counts.tsv	2b8f2994b6ce2d984c5cf8394d99d246	4249148	released
e4ce56ed-b03d-4054-94f7-981a702d7557	34379142-2553-4d15-a430-e16da714d03e.rna_seq.augmented_star_gene_counts.tsv	e6f4bdad6dbf0b5dc4647c0b0f1d286a	4234475	released
a6c621e7-dc5e-4014-8876-8863858832fc	54530b7d-7e21-44c3-a5ca-62ed71178b8e.rna_seq.augmented_star_gene_counts.tsv	d314995d2e7b08ec7f55018e8825b5f5	4216169	released
236083ac-b238-465c-98e6-ad91f4ec82f0	fba054db-a4de-4472-96a0-3c4e61e33a8d.rna_seq.augmented_star_gene_counts.tsv	711ce5a04e181e87bd0d32ea950c8413	4236130	released
3a643e32-8ece-4e7f-93a0-9fab9c33ddd3	53cba562-6d13-4c88-b13d-39a2a600fc2e.rna_seq.augmented_star_gene_counts.tsv	880bf003b0b87f8bb74e8b2bfd433933	4241695	released
cb31d173-1ffc-4758-92e8-723e3a4d1f48	c1990c79-964a-45db-8fa1-4ada47d10743.rna_seq.augmented_star_gene_counts.tsv	230a1268e2524d9c5b974587c688f3fd	4247849	released
e07ed349-c219-4b46-b7b8-30c672f84f6e	36686dd6-2f3e-4950-9fbb-d1952d3bd5fd.rna_seq.augmented_star_gene_counts.tsv	a34db6b7a9c724acae30c9a937bf09a3	4244998	released
da724edb-9a7d-499f-a0b2-1036ff37cde5	41317cbf-55ed-4118-9964-b4b17bc89848.rna_seq.augmented_star_gene_counts.tsv	d7c041b54fa652bf8562f38e67e0b24a	4240092	released
d2fa6d84-36ae-46fa-83fb-1e38cb3d02c8	42f77df3-dddc-44df-a2d8-e4ed6af26aa5.rna_seq.augmented_star_gene_counts.tsv	9e448013f84fb494f7dbe2c4e49c4ace	4229746	released
d40510a3-356a-4f3a-b055-429b5023fa5e	f7600503-b7b0-4b83-bf76-7fb2ce04afd8.rna_seq.augmented_star_gene_counts.tsv	cf93550a1bd7126ec8e060a49c17a769	4246886	released
509fc559-6750-46e0-881d-71a4a313d270	2cacbe10-481e-42d7-8b01-5ad9537ed2c1.rna_seq.augmented_star_gene_counts.tsv	639bb6ea7bf4a733407599ccb125c4e3	4233883	released
656e67f9-b280-480b-a7a5-444ddf979027	998581d3-8fdc-4f4a-92cd-d98fc0f910bc.rna_seq.augmented_star_gene_counts.tsv	1f3769b29b3ec4ad57298b971c999bf1	4233764	released
c642c3ca-d565-40f4-a9e9-cb7771f012b6	ff4284af-295f-407a-ae37-dbc7da985591.rna_seq.augmented_star_gene_counts.tsv	b4e1d333bd0d2e4bae6c775d1a7b7f2f	4256817	released
8c5159b9-ce05-4c68-ac8b-b22720f48d7c	60b371e4-0fbe-4c7b-9149-14413bd62032.rna_seq.augmented_star_gene_counts.tsv	7db238f2b2978f3104dda167450bcd8e	4256878	released
27a0dcf2-bf9e-4dd3-b0d1-2dcfc67e69ba	1782c608-e7e6-4413-8d87-660979f32485.rna_seq.augmented_star_gene_counts.tsv	38e8cf64bc2f79ef28d8a898fe271e8b	4247870	released
29d3f44a-ce3c-4162-9c5b-c62eff90bd91	673ef155-1bba-466d-92b4-cecb4121946e.rna_seq.augmented_star_gene_counts.tsv	2866fa7ad90a92c2de6c6840dd38cb6c	4242812	released
